"@timestamp: Descending","name.keyword: Descending","destination_ip: Descending","source_ip: Descending","destination_port: Descending","_id: Descending",Count
"November 4th 2023, 04:44:54.691",Missing,"192.168.159.152","14.4.156.99",80,"LSSlmIsBlxI_WLSj9-N1",1
"November 4th 2023, 04:44:54.691",Missing,"192.168.159.152","23.251.224.146",80,"MiSlmIsBlxI_WLSj9-N1",1
"November 4th 2023, 04:44:54.691",Missing,"192.168.159.152","42.210.213.75",80,"RySlmIsBlxI_WLSj9-N1",1
"November 4th 2023, 04:44:54.691",Missing,"192.168.159.152","42.220.129.25",80,"QSSlmIsBlxI_WLSj9-N1",1
"November 4th 2023, 04:44:54.691",Missing,"192.168.159.152","42.220.238.53",80,"OiSlmIsBlxI_WLSj9-N1",1
"November 4th 2023, 04:44:54.691",Missing,"192.168.159.152","101.249.231.3",80,"OCSlmIsBlxI_WLSj9-N1",1
"November 4th 2023, 04:44:54.691",Missing,"192.168.159.152","101.249.252.89",80,"PySlmIsBlxI_WLSj9-N1",1
"November 4th 2023, 04:44:54.691",Missing,"192.168.159.152","136.230.92.229",80,"MSSlmIsBlxI_WLSj9-N1",1
"November 4th 2023, 04:44:54.691",Missing,"192.168.159.152","136.230.139.68",80,"KySlmIsBlxI_WLSj9-N1",1
"November 4th 2023, 04:44:54.691",Missing,"192.168.159.152","137.33.47.99",80,"RiSlmIsBlxI_WLSj9-N1",1
"November 4th 2023, 04:44:54.691",Missing,"192.168.159.152","137.33.146.51",80,"MCSlmIsBlxI_WLSj9-N1",1
"November 4th 2023, 04:44:54.691",Missing,"192.168.159.152","137.105.218.25",80,"KCSlmIsBlxI_WLSj9-N1",1
"November 4th 2023, 04:44:54.691",Missing,"192.168.159.152","139.188.127.228",80,"QCSlmIsBlxI_WLSj9-N1",1
"November 4th 2023, 04:44:54.691",Missing,"192.168.159.152","144.207.74.105",80,"NySlmIsBlxI_WLSj9-N1",1
"November 4th 2023, 04:44:54.691",Missing,"192.168.159.152","146.183.213.191",80,"NCSlmIsBlxI_WLSj9-N1",1
"November 4th 2023, 04:44:54.691",Missing,"192.168.159.152","147.18.127.3",80,"OySlmIsBlxI_WLSj9-N1",1
"November 4th 2023, 04:44:54.691",Missing,"192.168.159.152","147.19.137.93",80,"LySlmIsBlxI_WLSj9-N1",1
"November 4th 2023, 04:44:54.691",Missing,"192.168.159.152","157.115.230.247",80,"NSSlmIsBlxI_WLSj9-N1",1
"November 4th 2023, 04:44:54.691",Missing,"192.168.159.152","157.115.234.136",80,"RSSlmIsBlxI_WLSj9-N1",1
"November 4th 2023, 04:44:54.691",Missing,"192.168.159.152","161.1.253.169",80,"OSSlmIsBlxI_WLSj9-N1",1
"November 4th 2023, 04:44:54.691",Missing,"192.168.159.152","161.66.249.204",80,"LiSlmIsBlxI_WLSj9-N1",1
"November 4th 2023, 04:44:54.691",Missing,"192.168.159.152","163.59.172.111",80,"PCSlmIsBlxI_WLSj9-N1",1
"November 4th 2023, 04:44:54.691",Missing,"192.168.159.152","163.59.238.195",80,"KiSlmIsBlxI_WLSj9-N1",1
"November 4th 2023, 04:44:54.691",Missing,"192.168.159.152","168.64.90.169",80,"PSSlmIsBlxI_WLSj9-N1",1
"November 4th 2023, 04:44:54.691",Missing,"192.168.159.152","168.129.45.247",80,"NiSlmIsBlxI_WLSj9-N1",1
"November 4th 2023, 04:44:54.691",Missing,"192.168.159.152","198.45.68.52",80,"RCSlmIsBlxI_WLSj9-N1",1
"November 4th 2023, 04:44:54.691",Missing,"192.168.159.152","198.187.94.137",80,"LCSlmIsBlxI_WLSj9-N1",1
"November 4th 2023, 04:44:54.691",Missing,"192.168.159.152","199.71.193.58",80,"QiSlmIsBlxI_WLSj9-N1",1
"November 4th 2023, 04:44:54.691",Missing,"192.168.159.152","207.110.68.83",80,"SCSlmIsBlxI_WLSj9-N1",1
"November 4th 2023, 04:44:54.691",Missing,"192.168.159.152","207.178.84.165",80,"PiSlmIsBlxI_WLSj9-N1",1
"November 4th 2023, 04:44:54.691",Missing,"192.168.159.152","207.178.87.168",80,"KSSlmIsBlxI_WLSj9-N1",1
"November 4th 2023, 04:44:54.691",Missing,"192.168.159.152","207.234.26.147",80,"MySlmIsBlxI_WLSj9-N1",1
"November 4th 2023, 04:44:54.691",Missing,"192.168.159.152","207.234.97.82",80,"QySlmIsBlxI_WLSj9-N1",1
"November 4th 2023, 04:44:54.028",Missing,"192.168.159.152","14.5.35.237",80,"SSSlmIsBlxI_WLSj899n",1
"November 4th 2023, 04:44:54.028",Missing,"192.168.159.152","23.251.253.104",80,"YCSlmIsBlxI_WLSj899n",1
"November 4th 2023, 04:44:54.028",Missing,"192.168.159.152","42.220.59.224",80,"SySlmIsBlxI_WLSj899n",1
"November 4th 2023, 04:44:54.028",Missing,"192.168.159.152","101.248.87.144",80,"VSSlmIsBlxI_WLSj899n",1
"November 4th 2023, 04:44:54.028",Missing,"192.168.159.152","125.169.91.243",80,"XiSlmIsBlxI_WLSj899n",1
"November 4th 2023, 04:44:54.028",Missing,"192.168.159.152","141.178.185.35",80,"WySlmIsBlxI_WLSj899n",1
"November 4th 2023, 04:44:54.028",Missing,"192.168.159.152","141.178.228.93",80,"UiSlmIsBlxI_WLSj899n",1
"November 4th 2023, 04:44:54.028",Missing,"192.168.159.152","143.64.157.42",80,"TCSlmIsBlxI_WLSj899n",1
"November 4th 2023, 04:44:54.028",Missing,"192.168.159.152","147.18.84.111",80,"VySlmIsBlxI_WLSj899n",1
"November 4th 2023, 04:44:54.028",Missing,"192.168.159.152","147.18.193.89",80,"ViSlmIsBlxI_WLSj899n",1
"November 4th 2023, 04:44:54.028",Missing,"192.168.159.152","157.115.3.33",80,"XSSlmIsBlxI_WLSj899n",1
"November 4th 2023, 04:44:54.028",Missing,"192.168.159.152","157.115.136.242",80,"USSlmIsBlxI_WLSj899n",1
"November 4th 2023, 04:44:54.028",Missing,"192.168.159.152","157.162.105.106",80,"SiSlmIsBlxI_WLSj899n",1
"November 4th 2023, 04:44:54.028",Missing,"192.168.159.152","157.186.3.33",80,"TiSlmIsBlxI_WLSj899n",1
"November 4th 2023, 04:44:54.028",Missing,"192.168.159.152","157.231.102.76",80,"XCSlmIsBlxI_WLSj899n",1
"November 4th 2023, 04:44:54.028",Missing,"192.168.159.152","159.229.107.45",80,"UySlmIsBlxI_WLSj899n",1
"November 4th 2023, 04:44:54.028",Missing,"192.168.159.152","161.66.123.229",80,"WiSlmIsBlxI_WLSj899n",1
"November 4th 2023, 04:44:54.028",Missing,"192.168.159.152","161.66.193.156",80,"UCSlmIsBlxI_WLSj899n",1
"November 4th 2023, 04:44:54.028",Missing,"192.168.159.152","168.64.51.186",80,"XySlmIsBlxI_WLSj899n",1
"November 4th 2023, 04:44:54.028",Missing,"192.168.159.152","168.64.59.192",80,"VCSlmIsBlxI_WLSj899n",1
"November 4th 2023, 04:44:54.028",Missing,"192.168.159.152","184.169.83.201",80,"TSSlmIsBlxI_WLSj899n",1
"November 4th 2023, 04:44:54.028",Missing,"192.168.159.152","193.139.194.41",80,"WSSlmIsBlxI_WLSj899n",1
"November 4th 2023, 04:44:54.028",Missing,"192.168.159.152","204.57.23.157",80,"WCSlmIsBlxI_WLSj899n",1
"November 4th 2023, 04:44:54.028",Missing,"192.168.159.152","206.195.238.84",80,"SCSlmIsBlxI_WLSj899n",1
"November 4th 2023, 04:44:54.028",Missing,"192.168.159.152","207.234.122.173",80,"TySlmIsBlxI_WLSj899n",1
"November 4th 2023, 04:45:11.379",Missing,"192.168.159.152","23.251.240.168",80,"JiWmmIsBlxI_WLSjNyYQ",1
"November 4th 2023, 04:45:11.379",Missing,"192.168.159.152","124.68.19.59",80,"KSWmmIsBlxI_WLSjNyYQ",1
"November 4th 2023, 04:45:11.379",Missing,"192.168.159.152","137.76.234.165",80,"HiWmmIsBlxI_WLSjNyYQ",1
"November 4th 2023, 04:45:11.379",Missing,"192.168.159.152","137.105.93.226",80,"KyWmmIsBlxI_WLSjNyYQ",1
"November 4th 2023, 04:45:11.379",Missing,"192.168.159.152","139.188.33.30",80,"JCWmmIsBlxI_WLSjNyYQ",1
"November 4th 2023, 04:45:11.379",Missing,"192.168.159.152","141.178.170.188",80,"KCWmmIsBlxI_WLSjNyYQ",1
"November 4th 2023, 04:45:11.379",Missing,"192.168.159.152","141.178.251.26",80,"GiWmmIsBlxI_WLSjNyYQ",1
"November 4th 2023, 04:45:11.379",Missing,"192.168.159.152","143.64.97.3",80,"LCWmmIsBlxI_WLSjNyYQ",1
"November 4th 2023, 04:45:11.379",Missing,"192.168.159.152","144.207.1.3",80,"JSWmmIsBlxI_WLSjNyYQ",1
"November 4th 2023, 04:45:11.379",Missing,"192.168.159.152","144.207.84.207",80,"KiWmmIsBlxI_WLSjNyYQ",1
"November 4th 2023, 04:45:11.379",Missing,"192.168.159.152","145.231.101.52",80,"LSWmmIsBlxI_WLSjNyYQ",1
"November 4th 2023, 04:45:11.379",Missing,"192.168.159.152","146.3.87.87",80,"HyWmmIsBlxI_WLSjNyYQ",1
"November 4th 2023, 04:45:11.379",Missing,"192.168.159.152","157.115.137.197",80,"HSWmmIsBlxI_WLSjNyYQ",1
"November 4th 2023, 04:45:11.379",Missing,"192.168.159.152","157.162.238.124",80,"ISWmmIsBlxI_WLSjNyYQ",1
"November 4th 2023, 04:45:11.379",Missing,"192.168.159.152","157.230.249.5",80,"HCWmmIsBlxI_WLSjNyYQ",1
"November 4th 2023, 04:45:11.379",Missing,"192.168.159.152","163.53.247.247",80,"IyWmmIsBlxI_WLSjNyYQ",1
"November 4th 2023, 04:45:11.379",Missing,"192.168.159.152","192.46.234.147",80,"ICWmmIsBlxI_WLSjNyYQ",1
"November 4th 2023, 04:45:11.379",Missing,"192.168.159.152","198.57.64.204",80,"IiWmmIsBlxI_WLSjNyYQ",1
"November 4th 2023, 04:45:11.379",Missing,"192.168.159.152","207.183.207.106",80,"GyWmmIsBlxI_WLSjNyYQ",1
"November 4th 2023, 04:45:11.379",Missing,"192.168.159.152","207.234.118.242",80,"JyWmmIsBlxI_WLSjNyYQ",1
"November 4th 2023, 04:45:21.700",Missing,"192.168.159.152","14.5.102.110",80,"oyWmmIsBlxI_WLSjXrhf",1
"November 4th 2023, 04:45:21.700",Missing,"192.168.159.152","14.5.156.99",80,"qCWmmIsBlxI_WLSjXrhf",1
"November 4th 2023, 04:45:21.700",Missing,"192.168.159.152","61.13.141.137",80,"oCWmmIsBlxI_WLSjXrhf",1
"November 4th 2023, 04:45:21.700",Missing,"192.168.159.152","61.13.145.245",80,"pCWmmIsBlxI_WLSjXrhf",1
"November 4th 2023, 04:45:21.700",Missing,"192.168.159.152","101.248.198.202",80,"ryWmmIsBlxI_WLSjXrhf",1
"November 4th 2023, 04:45:21.700",Missing,"192.168.159.152","101.249.252.111",80,"oSWmmIsBlxI_WLSjXrhf",1
"November 4th 2023, 04:45:21.700",Missing,"192.168.159.152","101.253.173.5",80,"rSWmmIsBlxI_WLSjXrhf",1
"November 4th 2023, 04:45:21.700",Missing,"192.168.159.152","124.68.225.183",80,"nCWmmIsBlxI_WLSjXrhf",1
"November 4th 2023, 04:45:21.700",Missing,"192.168.159.152","137.105.229.245",80,"pSWmmIsBlxI_WLSjXrhf",1
"November 4th 2023, 04:45:21.700",Missing,"192.168.159.152","141.178.111.173",80,"qiWmmIsBlxI_WLSjXrhf",1
"November 4th 2023, 04:45:21.700",Missing,"192.168.159.152","145.231.75.229",80,"qyWmmIsBlxI_WLSjXrhf",1
"November 4th 2023, 04:45:21.700",Missing,"192.168.159.152","146.3.41.26",80,"oiWmmIsBlxI_WLSjXrhf",1
"November 4th 2023, 04:45:21.700",Missing,"192.168.159.152","146.183.89.169",80,"rCWmmIsBlxI_WLSjXrhf",1
"November 4th 2023, 04:45:21.700",Missing,"192.168.159.152","157.195.57.213",80,"piWmmIsBlxI_WLSjXrhf",1
"November 4th 2023, 04:45:21.700",Missing,"192.168.159.152","157.230.18.175",80,"qSWmmIsBlxI_WLSjXrhf",1
"November 4th 2023, 04:45:21.700",Missing,"192.168.159.152","157.230.121.159",80,"nSWmmIsBlxI_WLSjXrhf",1
"November 4th 2023, 04:45:21.700",Missing,"192.168.159.152","161.71.237.251",80,"niWmmIsBlxI_WLSjXrhf",1
"November 4th 2023, 04:45:21.700",Missing,"192.168.159.152","163.59.163.57",80,"riWmmIsBlxI_WLSjXrhf",1
"November 4th 2023, 04:45:21.700",Missing,"192.168.159.152","168.129.216.170",80,"nyWmmIsBlxI_WLSjXrhf",1
"November 4th 2023, 04:45:21.700",Missing,"192.168.159.152","198.57.76.13",80,"pyWmmIsBlxI_WLSjXrhf",1
"November 4th 2023, 04:41:02.443",Missing,"192.168.159.152","124.68.69.236",80,"CCOimIsBlxI_WLSjaa2p",1
"November 4th 2023, 04:41:02.443",Missing,"192.168.159.152","124.242.232.63",80,"FiOimIsBlxI_WLSjaa2p",1
"November 4th 2023, 04:41:02.443",Missing,"192.168.159.152","128.13.172.50",80,"ESOimIsBlxI_WLSjaa2p",1
"November 4th 2023, 04:41:02.443",Missing,"192.168.159.152","128.188.98.65",80,"CyOimIsBlxI_WLSjaa2p",1
"November 4th 2023, 04:41:02.443",Missing,"192.168.159.152","128.188.149.135",80,"FSOimIsBlxI_WLSjaa2p",1
"November 4th 2023, 04:41:02.443",Missing,"192.168.159.152","137.114.169.132",80,"DSOimIsBlxI_WLSjaa2p",1
"November 4th 2023, 04:41:02.443",Missing,"192.168.159.152","137.171.18.77",80,"FCOimIsBlxI_WLSjaa2p",1
"November 4th 2023, 04:41:02.443",Missing,"192.168.159.152","138.240.249.39",80,"ECOimIsBlxI_WLSjaa2p",1
"November 4th 2023, 04:41:02.443",Missing,"192.168.159.152","139.188.73.207",80,"BiOimIsBlxI_WLSjaa2p",1
"November 4th 2023, 04:41:02.443",Missing,"192.168.159.152","143.135.210.63",80,"FyOimIsBlxI_WLSjaa2p",1
"November 4th 2023, 04:41:02.443",Missing,"192.168.159.152","149.114.73.98",80,"CSOimIsBlxI_WLSjaa2p",1
"November 4th 2023, 04:41:02.443",Missing,"192.168.159.152","157.186.78.145",80,"EyOimIsBlxI_WLSjaa2p",1
"November 4th 2023, 04:41:02.443",Missing,"192.168.159.152","157.230.9.69",80,"BSOimIsBlxI_WLSjaa2p",1
"November 4th 2023, 04:41:02.443",Missing,"192.168.159.152","157.232.240.245",80,"ByOimIsBlxI_WLSjaa2p",1
"November 4th 2023, 04:41:02.443",Missing,"192.168.159.152","159.219.241.176",80,"CiOimIsBlxI_WLSjaa2p",1
"November 4th 2023, 04:41:02.443",Missing,"192.168.159.152","192.22.177.2",80,"DiOimIsBlxI_WLSjaa2p",1
"November 4th 2023, 04:41:02.443",Missing,"192.168.159.152","192.46.240.233",80,"DCOimIsBlxI_WLSjaa2p",1
"November 4th 2023, 04:41:02.443",Missing,"192.168.159.152","205.148.236.1",80,"DyOimIsBlxI_WLSjaa2p",1
"November 4th 2023, 04:41:02.443",Missing,"192.168.159.152","223.169.232.210",80,"EiOimIsBlxI_WLSjaa2p",1
"November 4th 2023, 04:44:40.845",Missing,"192.168.159.152","5.157.42.58",80,"2iSlmIsBlxI_WLSjv4ym",1
"November 4th 2023, 04:44:40.845",Missing,"192.168.159.152","42.214.243.147",80,"0CSlmIsBlxI_WLSjv4ym",1
"November 4th 2023, 04:44:40.845",Missing,"192.168.159.152","42.218.23.95",80,"yySlmIsBlxI_WLSjv4ym",1
"November 4th 2023, 04:44:40.845",Missing,"192.168.159.152","42.221.225.195",80,"zCSlmIsBlxI_WLSjv4ym",1
"November 4th 2023, 04:44:40.845",Missing,"192.168.159.152","58.15.3.247",80,"2ySlmIsBlxI_WLSjv4ym",1
"November 4th 2023, 04:44:40.845",Missing,"192.168.159.152","83.175.3.75",80,"zSSlmIsBlxI_WLSjv4ym",1
"November 4th 2023, 04:44:40.845",Missing,"192.168.159.152","101.249.13.18",80,"2SSlmIsBlxI_WLSjv4ym",1
"November 4th 2023, 04:44:40.845",Missing,"192.168.159.152","101.249.204.105",80,"1iSlmIsBlxI_WLSjv4ym",1
"November 4th 2023, 04:44:40.845",Missing,"192.168.159.152","124.68.150.26",80,"0ySlmIsBlxI_WLSjv4ym",1
"November 4th 2023, 04:44:40.845",Missing,"192.168.159.152","125.169.231.245",80,"ziSlmIsBlxI_WLSjv4ym",1
"November 4th 2023, 04:44:40.845",Missing,"192.168.159.152","128.13.147.168",80,"0SSlmIsBlxI_WLSjv4ym",1
"November 4th 2023, 04:44:40.845",Missing,"192.168.159.152","137.33.157.204",80,"2CSlmIsBlxI_WLSjv4ym",1
"November 4th 2023, 04:44:40.845",Missing,"192.168.159.152","137.218.46.74",80,"yiSlmIsBlxI_WLSjv4ym",1
"November 4th 2023, 04:44:40.845",Missing,"192.168.159.152","147.18.77.89",80,"zySlmIsBlxI_WLSjv4ym",1
"November 4th 2023, 04:44:40.845",Missing,"192.168.159.152","157.230.190.89",80,"1CSlmIsBlxI_WLSjv4ym",1
"November 4th 2023, 04:44:40.845",Missing,"192.168.159.152","165.192.105.175",80,"0iSlmIsBlxI_WLSjv4ym",1
"November 4th 2023, 04:44:40.845",Missing,"192.168.159.152","168.64.121.53",80,"1ySlmIsBlxI_WLSjv4ym",1
"November 4th 2023, 04:44:40.845",Missing,"192.168.159.152","207.234.1.89",80,"1SSlmIsBlxI_WLSjv4ym",1
"November 4th 2023, 04:45:30.382",Missing,"192.168.159.152","42.216.122.168",80,"ySammIsBlxI_WLSjgFih",1
"November 4th 2023, 04:45:30.382",Missing,"192.168.159.152","42.220.157.26",80,"yyammIsBlxI_WLSjgFih",1
"November 4th 2023, 04:45:30.382",Missing,"192.168.159.152","124.157.13.214",80,"1CammIsBlxI_WLSjgFih",1
"November 4th 2023, 04:45:30.382",Missing,"192.168.159.152","128.13.26.251",80,"zSammIsBlxI_WLSjgFih",1
"November 4th 2023, 04:45:30.382",Missing,"192.168.159.152","141.178.169.159",80,"1iammIsBlxI_WLSjgFih",1
"November 4th 2023, 04:45:30.382",Missing,"192.168.159.152","144.207.11.68",80,"0yammIsBlxI_WLSjgFih",1
"November 4th 2023, 04:45:30.382",Missing,"192.168.159.152","146.183.23.225",80,"0CammIsBlxI_WLSjgFih",1
"November 4th 2023, 04:45:30.382",Missing,"192.168.159.152","147.17.249.75",80,"1yammIsBlxI_WLSjgFih",1
"November 4th 2023, 04:45:30.382",Missing,"192.168.159.152","147.18.89.224",80,"zyammIsBlxI_WLSjgFih",1
"November 4th 2023, 04:45:30.382",Missing,"192.168.159.152","147.18.93.128",80,"ziammIsBlxI_WLSjgFih",1
"November 4th 2023, 04:45:30.382",Missing,"192.168.159.152","150.141.157.91",80,"yCammIsBlxI_WLSjgFih",1
"November 4th 2023, 04:45:30.382",Missing,"192.168.159.152","157.162.12.95",80,"yiammIsBlxI_WLSjgFih",1
"November 4th 2023, 04:45:30.382",Missing,"192.168.159.152","157.162.162.168",80,"xyammIsBlxI_WLSjgFih",1
"November 4th 2023, 04:45:30.382",Missing,"192.168.159.152","157.231.74.3",80,"0SammIsBlxI_WLSjgFih",1
"November 4th 2023, 04:45:30.382",Missing,"192.168.159.152","157.232.105.37",80,"1SammIsBlxI_WLSjgFih",1
"November 4th 2023, 04:45:30.382",Missing,"192.168.159.152","165.102.37.197",80,"xiammIsBlxI_WLSjgFih",1
"November 4th 2023, 04:45:30.382",Missing,"192.168.159.152","198.187.118.231",80,"zCammIsBlxI_WLSjgFih",1
"November 4th 2023, 04:45:30.382",Missing,"192.168.159.152","207.183.207.38",80,"0iammIsBlxI_WLSjgFih",1
"November 4th 2023, 04:44:55.692",Missing,"192.168.159.152","14.5.210.249",80,"IySlmIsBlxI_WLSj_el6",1
"November 4th 2023, 04:44:55.692",Missing,"192.168.159.152","42.210.124.23",80,"IiSlmIsBlxI_WLSj_el6",1
"November 4th 2023, 04:44:55.692",Missing,"192.168.159.152","42.213.13.192",80,"GiSlmIsBlxI_WLSj_el6",1
"November 4th 2023, 04:44:55.692",Missing,"192.168.159.152","101.249.47.127",80,"FCSlmIsBlxI_WLSj_el6",1
"November 4th 2023, 04:44:55.692",Missing,"192.168.159.152","101.253.184.122",80,"FSSlmIsBlxI_WLSj_el6",1
"November 4th 2023, 04:44:55.692",Missing,"192.168.159.152","124.68.161.157",80,"GSSlmIsBlxI_WLSj_el6",1
"November 4th 2023, 04:44:55.692",Missing,"192.168.159.152","128.13.13.157",80,"HiSlmIsBlxI_WLSj_el6",1
"November 4th 2023, 04:44:55.692",Missing,"192.168.159.152","137.105.243.45",80,"HCSlmIsBlxI_WLSj_el6",1
"November 4th 2023, 04:44:55.692",Missing,"192.168.159.152","143.64.89.18",80,"GCSlmIsBlxI_WLSj_el6",1
"November 4th 2023, 04:44:55.692",Missing,"192.168.159.152","143.64.135.12",80,"HySlmIsBlxI_WLSj_el6",1
"November 4th 2023, 04:44:55.692",Missing,"192.168.159.152","147.17.137.26",80,"FiSlmIsBlxI_WLSj_el6",1
"November 4th 2023, 04:44:55.692",Missing,"192.168.159.152","150.141.58.137",80,"FySlmIsBlxI_WLSj_el6",1
"November 4th 2023, 04:44:55.692",Missing,"192.168.159.152","157.186.110.105",80,"JCSlmIsBlxI_WLSj_el6",1
"November 4th 2023, 04:44:55.692",Missing,"192.168.159.152","159.229.123.33",80,"ISSlmIsBlxI_WLSj_el6",1
"November 4th 2023, 04:44:55.692",Missing,"192.168.159.152","161.66.204.157",80,"HSSlmIsBlxI_WLSj_el6",1
"November 4th 2023, 04:44:55.692",Missing,"192.168.159.152","163.59.187.141",80,"GySlmIsBlxI_WLSj_el6",1
"November 4th 2023, 04:44:55.692",Missing,"192.168.159.152","198.187.97.245",80,"ICSlmIsBlxI_WLSj_el6",1
"November 4th 2023, 04:45:24.015",Missing,"192.168.159.152","58.15.65.234",80,"2yWmmIsBlxI_WLSjZ9nP",1
"November 4th 2023, 04:45:24.015",Missing,"192.168.159.152","101.253.207.236",80,"4yWmmIsBlxI_WLSjZ9nP",1
"November 4th 2023, 04:45:24.015",Missing,"192.168.159.152","101.253.238.105",80,"4CWmmIsBlxI_WLSjZ9nP",1
"November 4th 2023, 04:45:24.015",Missing,"192.168.159.152","123.249.247.125",80,"3CWmmIsBlxI_WLSjZ9nP",1
"November 4th 2023, 04:45:24.015",Missing,"192.168.159.152","124.68.187.175",80,"0yWmmIsBlxI_WLSjZ9nP",1
"November 4th 2023, 04:45:24.015",Missing,"192.168.159.152","128.13.41.198",80,"2SWmmIsBlxI_WLSjZ9nP",1
"November 4th 2023, 04:45:24.015",Missing,"192.168.159.152","143.135.95.175",80,"1iWmmIsBlxI_WLSjZ9nP",1
"November 4th 2023, 04:45:24.015",Missing,"192.168.159.152","145.231.156.168",80,"4iWmmIsBlxI_WLSjZ9nP",1
"November 4th 2023, 04:45:24.015",Missing,"192.168.159.152","147.18.93.221",80,"1SWmmIsBlxI_WLSjZ9nP",1
"November 4th 2023, 04:45:24.015",Missing,"192.168.159.152","147.18.157.135",80,"4SWmmIsBlxI_WLSjZ9nP",1
"November 4th 2023, 04:45:24.015",Missing,"192.168.159.152","147.19.115.193",80,"3SWmmIsBlxI_WLSjZ9nP",1
"November 4th 2023, 04:45:24.015",Missing,"192.168.159.152","157.115.61.37",80,"3yWmmIsBlxI_WLSjZ9nP",1
"November 4th 2023, 04:45:24.015",Missing,"192.168.159.152","157.162.213.206",80,"1yWmmIsBlxI_WLSjZ9nP",1
"November 4th 2023, 04:45:24.015",Missing,"192.168.159.152","161.71.83.92",80,"2iWmmIsBlxI_WLSjZ9nP",1
"November 4th 2023, 04:45:24.015",Missing,"192.168.159.152","163.59.124.102",80,"1CWmmIsBlxI_WLSjZ9nP",1
"November 4th 2023, 04:45:24.015",Missing,"192.168.159.152","168.64.231.187",80,"3iWmmIsBlxI_WLSjZ9nP",1
"November 4th 2023, 04:45:24.015",Missing,"192.168.159.152","202.68.33.26",80,"2CWmmIsBlxI_WLSjZ9nP",1
"November 4th 2023, 04:44:51.477",Missing,"192.168.159.152","5.157.3.78",80,"oiSlmIsBlxI_WLSj6dOj",1
"November 4th 2023, 04:44:51.477",Missing,"192.168.159.152","123.249.89.249",80,"miSlmIsBlxI_WLSj6dOj",1
"November 4th 2023, 04:44:51.477",Missing,"192.168.159.152","124.157.3.128",80,"nSSlmIsBlxI_WLSj6dOj",1
"November 4th 2023, 04:44:51.477",Missing,"192.168.159.152","124.242.45.255",80,"oSSlmIsBlxI_WLSj6dOj",1
"November 4th 2023, 04:44:51.477",Missing,"192.168.159.152","128.188.13.87",80,"nySlmIsBlxI_WLSj6dOj",1
"November 4th 2023, 04:44:51.477",Missing,"192.168.159.152","137.105.221.18",80,"oCSlmIsBlxI_WLSj6dOj",1
"November 4th 2023, 04:44:51.477",Missing,"192.168.159.152","147.17.38.83",80,"niSlmIsBlxI_WLSj6dOj",1
"November 4th 2023, 04:44:51.477",Missing,"192.168.159.152","147.17.127.60",80,"piSlmIsBlxI_WLSj6dOj",1
"November 4th 2023, 04:44:51.477",Missing,"192.168.159.152","147.17.248.156",80,"pySlmIsBlxI_WLSj6dOj",1
"November 4th 2023, 04:44:51.477",Missing,"192.168.159.152","147.19.204.26",80,"qCSlmIsBlxI_WLSj6dOj",1
"November 4th 2023, 04:44:51.477",Missing,"192.168.159.152","150.141.178.157",80,"nCSlmIsBlxI_WLSj6dOj",1
"November 4th 2023, 04:44:51.477",Missing,"192.168.159.152","157.162.135.115",80,"pSSlmIsBlxI_WLSj6dOj",1
"November 4th 2023, 04:44:51.477",Missing,"192.168.159.152","161.1.190.91",80,"oySlmIsBlxI_WLSj6dOj",1
"November 4th 2023, 04:44:51.477",Missing,"192.168.159.152","193.139.89.3",80,"mySlmIsBlxI_WLSj6dOj",1
"November 4th 2023, 04:44:51.477",Missing,"192.168.159.152","207.234.78.253",80,"pCSlmIsBlxI_WLSj6dOj",1
"November 4th 2023, 04:44:52.127",Missing,"192.168.159.152","45.127.37.45",80,"giSlmIsBlxI_WLSj7ddy",1
"November 4th 2023, 04:44:52.127",Missing,"192.168.159.152","124.68.89.249",80,"jySlmIsBlxI_WLSj7ddy",1
"November 4th 2023, 04:44:52.127",Missing,"192.168.159.152","125.169.147.11",80,"iiSlmIsBlxI_WLSj7ddy",1
"November 4th 2023, 04:44:52.127",Missing,"192.168.159.152","125.169.253.111",80,"jSSlmIsBlxI_WLSj7ddy",1
"November 4th 2023, 04:44:52.127",Missing,"192.168.159.152","136.230.147.12",80,"hSSlmIsBlxI_WLSj7ddy",1
"November 4th 2023, 04:44:52.127",Missing,"192.168.159.152","137.105.102.197",80,"jCSlmIsBlxI_WLSj7ddy",1
"November 4th 2023, 04:44:52.127",Missing,"192.168.159.152","137.105.147.182",80,"kCSlmIsBlxI_WLSj7ddy",1
"November 4th 2023, 04:44:52.127",Missing,"192.168.159.152","141.178.92.33",80,"hySlmIsBlxI_WLSj7ddy",1
"November 4th 2023, 04:44:52.127",Missing,"192.168.159.152","146.3.183.58",80,"hCSlmIsBlxI_WLSj7ddy",1
"November 4th 2023, 04:44:52.127",Missing,"192.168.159.152","157.115.13.207",80,"iCSlmIsBlxI_WLSj7ddy",1
"November 4th 2023, 04:44:52.127",Missing,"192.168.159.152","157.162.104.245",80,"hiSlmIsBlxI_WLSj7ddy",1
"November 4th 2023, 04:44:52.127",Missing,"192.168.159.152","163.59.225.83",80,"iSSlmIsBlxI_WLSj7ddy",1
"November 4th 2023, 04:44:52.127",Missing,"192.168.159.152","185.187.212.34",80,"gySlmIsBlxI_WLSj7ddy",1
"November 4th 2023, 04:44:52.127",Missing,"192.168.159.152","198.13.3.238",80,"jiSlmIsBlxI_WLSj7ddy",1
"November 4th 2023, 04:44:52.127",Missing,"192.168.159.152","198.187.87.146",80,"iySlmIsBlxI_WLSj7ddy",1
"November 4th 2023, 04:45:21.517",Missing,"192.168.159.152","101.249.90.144",80,"yyWmmIsBlxI_WLSjXbN-",1
"November 4th 2023, 04:45:21.517",Missing,"192.168.159.152","128.94.238.111",80,"xiWmmIsBlxI_WLSjXbN-",1
"November 4th 2023, 04:45:21.517",Missing,"192.168.159.152","136.230.129.11",80,"wyWmmIsBlxI_WLSjXbN-",1
"November 4th 2023, 04:45:21.517",Missing,"192.168.159.152","137.33.163.53",80,"wSWmmIsBlxI_WLSjXbN-",1
"November 4th 2023, 04:45:21.517",Missing,"192.168.159.152","143.135.102.157",80,"ySWmmIsBlxI_WLSjXbN-",1
"November 4th 2023, 04:45:21.517",Missing,"192.168.159.152","144.207.216.182",80,"xSWmmIsBlxI_WLSjXbN-",1
"November 4th 2023, 04:45:21.517",Missing,"192.168.159.152","157.231.172.255",80,"wiWmmIsBlxI_WLSjXbN-",1
"November 4th 2023, 04:45:21.517",Missing,"192.168.159.152","157.232.235.5",80,"yCWmmIsBlxI_WLSjXbN-",1
"November 4th 2023, 04:45:21.517",Missing,"192.168.159.152","161.66.29.51",80,"xyWmmIsBlxI_WLSjXbN-",1
"November 4th 2023, 04:45:21.517",Missing,"192.168.159.152","161.71.248.251",80,"yiWmmIsBlxI_WLSjXbN-",1
"November 4th 2023, 04:45:21.517",Missing,"192.168.159.152","165.102.195.178",80,"zCWmmIsBlxI_WLSjXbN-",1
"November 4th 2023, 04:45:21.517",Missing,"192.168.159.152","198.187.92.105",80,"zSWmmIsBlxI_WLSjXbN-",1
"November 4th 2023, 04:45:21.517",Missing,"192.168.159.152","207.183.195.76",80,"xCWmmIsBlxI_WLSjXbN-",1
"November 4th 2023, 04:45:29.073",Missing,"192.168.159.152","58.14.57.183",80,"ACammIsBlxI_WLSjez0n",1
"November 4th 2023, 04:45:29.073",Missing,"192.168.159.152","136.230.34.193",80,"AiammIsBlxI_WLSjez0n",1
"November 4th 2023, 04:45:29.073",Missing,"192.168.159.152","136.230.207.141",80,"9iammIsBlxI_WLSjezwn",1
"November 4th 2023, 04:45:29.073",Missing,"192.168.159.152","136.230.234.3",80,"-CammIsBlxI_WLSjezwn",1
"November 4th 2023, 04:45:29.073",Missing,"192.168.159.152","137.218.255.82",80,"_iammIsBlxI_WLSjezwn",1
"November 4th 2023, 04:45:29.073",Missing,"192.168.159.152","147.18.99.124",80,"-SammIsBlxI_WLSjezwn",1
"November 4th 2023, 04:45:29.073",Missing,"192.168.159.152","147.19.127.253",80,"_SammIsBlxI_WLSjezwn",1
"November 4th 2023, 04:45:29.073",Missing,"192.168.159.152","157.186.207.34",80,"ASammIsBlxI_WLSjez0n",1
"November 4th 2023, 04:45:29.073",Missing,"192.168.159.152","157.195.125.238",80,"-iammIsBlxI_WLSjezwn",1
"November 4th 2023, 04:45:29.073",Missing,"192.168.159.152","157.195.172.183",80,"9yammIsBlxI_WLSjezwn",1
"November 4th 2023, 04:45:29.073",Missing,"192.168.159.152","157.231.206.253",80,"_yammIsBlxI_WLSjezwn",1
"November 4th 2023, 04:45:29.073",Missing,"192.168.159.152","165.102.127.147",80,"_CammIsBlxI_WLSjezwn",1
"November 4th 2023, 04:45:29.073",Missing,"192.168.159.152","207.183.214.195",80,"-yammIsBlxI_WLSjezwn",1
"November 4th 2023, 04:40:34.170",Missing,"192.168.159.152","36.119.184.77",80,"ziKhmIsBlxI_WLSj_NA_",1
"November 4th 2023, 04:40:34.170",Missing,"192.168.159.152","58.14.243.217",80,"1iKhmIsBlxI_WLSj_NA_",1
"November 4th 2023, 04:40:34.170",Missing,"192.168.159.152","101.253.243.25",80,"0SKhmIsBlxI_WLSj_NA_",1
"November 4th 2023, 04:40:34.170",Missing,"192.168.159.152","128.85.55.119",80,"1yKhmIsBlxI_WLSj_NA_",1
"November 4th 2023, 04:40:34.170",Missing,"192.168.159.152","139.188.56.127",80,"0CKhmIsBlxI_WLSj_NA_",1
"November 4th 2023, 04:40:34.170",Missing,"192.168.159.152","158.54.32.147",80,"0iKhmIsBlxI_WLSj_NA_",1
"November 4th 2023, 04:40:34.170",Missing,"192.168.159.152","158.90.74.30",80,"1CKhmIsBlxI_WLSj_NA_",1
"November 4th 2023, 04:40:34.170",Missing,"192.168.159.152","167.158.108.255",80,"0yKhmIsBlxI_WLSj_NA_",1
"November 4th 2023, 04:40:34.170",Missing,"192.168.159.152","167.175.98.179",80,"zyKhmIsBlxI_WLSj_NA_",1
"November 4th 2023, 04:40:34.170",Missing,"192.168.159.152","180.238.127.42",80,"zSKhmIsBlxI_WLSj_NA_",1
"November 4th 2023, 04:40:34.170",Missing,"192.168.159.152","206.227.72.189",80,"1SKhmIsBlxI_WLSj_NA_",1
"November 4th 2023, 04:44:58.407",Missing,"192.168.159.152","137.218.121.125",80,"YiSmmIsBlxI_WLSjC_JP",1
"November 4th 2023, 04:44:58.407",Missing,"192.168.159.152","145.231.67.110",80,"ZSSmmIsBlxI_WLSjC_JP",1
"November 4th 2023, 04:44:58.407",Missing,"192.168.159.152","146.3.43.111",80,"aSSmmIsBlxI_WLSjC_JP",1
"November 4th 2023, 04:44:58.407",Missing,"192.168.159.152","146.3.125.212",80,"YSSmmIsBlxI_WLSjC_JP",1
"November 4th 2023, 04:44:58.407",Missing,"192.168.159.152","146.183.46.156",80,"aCSmmIsBlxI_WLSjC_JP",1
"November 4th 2023, 04:44:58.407",Missing,"192.168.159.152","157.162.77.207",80,"YySmmIsBlxI_WLSjC_JP",1
"November 4th 2023, 04:44:58.407",Missing,"192.168.159.152","157.162.147.91",80,"ZiSmmIsBlxI_WLSjC_JP",1
"November 4th 2023, 04:44:58.407",Missing,"192.168.159.152","157.195.136.216",80,"ZySmmIsBlxI_WLSjC_JP",1
"November 4th 2023, 04:44:58.407",Missing,"192.168.159.152","157.195.143.240",80,"aiSmmIsBlxI_WLSjC_JP",1
"November 4th 2023, 04:44:58.407",Missing,"192.168.159.152","165.102.71.23",80,"ZCSmmIsBlxI_WLSjC_JP",1
"November 4th 2023, 04:44:58.407",Missing,"192.168.159.152","207.234.64.228",80,"aySmmIsBlxI_WLSjC_JP",1
"November 4th 2023, 04:45:18.251",Missing,"192.168.159.152","101.249.157.111",80,"MSWmmIsBlxI_WLSjUHnN",1
"November 4th 2023, 04:45:18.251",Missing,"192.168.159.152","124.242.240.184",80,"MiWmmIsBlxI_WLSjUHnN",1
"November 4th 2023, 04:45:18.251",Missing,"192.168.159.152","137.19.53.92",80,"NCWmmIsBlxI_WLSjUHnN",1
"November 4th 2023, 04:45:18.251",Missing,"192.168.159.152","137.105.185.225",80,"KyWmmIsBlxI_WLSjUHnN",1
"November 4th 2023, 04:45:18.251",Missing,"192.168.159.152","143.64.83.192",80,"LSWmmIsBlxI_WLSjUHnN",1
"November 4th 2023, 04:45:18.251",Missing,"192.168.159.152","147.18.147.78",80,"LCWmmIsBlxI_WLSjUHnN",1
"November 4th 2023, 04:45:18.251",Missing,"192.168.159.152","147.18.156.100",80,"LiWmmIsBlxI_WLSjUHnN",1
"November 4th 2023, 04:45:18.251",Missing,"192.168.159.152","150.25.190.251",80,"MCWmmIsBlxI_WLSjUHnN",1
"November 4th 2023, 04:45:18.251",Missing,"192.168.159.152","157.162.104.9",80,"NSWmmIsBlxI_WLSjUHnN",1
"November 4th 2023, 04:45:18.251",Missing,"192.168.159.152","168.64.15.45",80,"LyWmmIsBlxI_WLSjUHnN",1
"November 4th 2023, 04:45:18.251",Missing,"192.168.159.152","206.195.236.147",80,"MyWmmIsBlxI_WLSjUHnN",1
"November 4th 2023, 04:45:20.245",Missing,"192.168.159.152","42.213.105.14",80,"VCWmmIsBlxI_WLSjWJyv",1
"November 4th 2023, 04:45:20.245",Missing,"192.168.159.152","42.214.185.185",80,"XCWmmIsBlxI_WLSjWJyv",1
"November 4th 2023, 04:45:20.245",Missing,"192.168.159.152","137.105.68.47",80,"XSWmmIsBlxI_WLSjWJyv",1
"November 4th 2023, 04:45:20.245",Missing,"192.168.159.152","147.19.19.207",80,"WyWmmIsBlxI_WLSjWJyv",1
"November 4th 2023, 04:45:20.245",Missing,"192.168.159.152","157.186.92.89",80,"ViWmmIsBlxI_WLSjWJyv",1
"November 4th 2023, 04:45:20.245",Missing,"192.168.159.152","157.230.237.218",80,"WiWmmIsBlxI_WLSjWJyv",1
"November 4th 2023, 04:45:20.245",Missing,"192.168.159.152","161.1.208.190",80,"WCWmmIsBlxI_WLSjWJyv",1
"November 4th 2023, 04:45:20.245",Missing,"192.168.159.152","168.64.187.41",80,"VSWmmIsBlxI_WLSjWJyv",1
"November 4th 2023, 04:45:20.245",Missing,"192.168.159.152","168.129.68.232",80,"WSWmmIsBlxI_WLSjWJyv",1
"November 4th 2023, 04:45:20.245",Missing,"192.168.159.152","192.229.42.1",80,"VyWmmIsBlxI_WLSjWJyv",1
"November 4th 2023, 04:44:34.468",Missing,"192.168.159.152","42.222.78.13",80,"_SSlmIsBlxI_WLSjqXHf",1
"November 4th 2023, 04:44:34.468",Missing,"192.168.159.152","136.230.137.130",80,"_ySlmIsBlxI_WLSjqXHf",1
"November 4th 2023, 04:44:34.468",Missing,"192.168.159.152","137.19.183.146",80,"-CSlmIsBlxI_WLSjqXHf",1
"November 4th 2023, 04:44:34.468",Missing,"192.168.159.152","137.76.109.195",80,"_iSlmIsBlxI_WLSjqXHf",1
"November 4th 2023, 04:44:34.468",Missing,"192.168.159.152","147.17.127.84",80,"_CSlmIsBlxI_WLSjqXHf",1
"November 4th 2023, 04:44:34.468",Missing,"192.168.159.152","157.115.190.162",80,"ACSlmIsBlxI_WLSjqXLf",1
"November 4th 2023, 04:44:34.468",Missing,"192.168.159.152","157.162.121.186",80,"-ySlmIsBlxI_WLSjqXHf",1
"November 4th 2023, 04:44:34.468",Missing,"192.168.159.152","157.231.105.199",80,"-SSlmIsBlxI_WLSjqXHf",1
"November 4th 2023, 04:44:34.468",Missing,"192.168.159.152","202.68.58.41",80,"-iSlmIsBlxI_WLSjqXHf",1
"November 4th 2023, 04:44:16.637",Missing,"192.168.159.152","84.238.162.185",80,"KiSlmIsBlxI_WLSjYgIw",1
"November 4th 2023, 04:44:16.637",Missing,"192.168.159.152","157.162.245.111",80,"LCSlmIsBlxI_WLSjYgIw",1
"November 4th 2023, 04:44:16.637",Missing,"192.168.159.152","157.195.206.82",80,"LiSlmIsBlxI_WLSjYgIw",1
"November 4th 2023, 04:44:16.637",Missing,"192.168.159.152","157.230.26.216",80,"KySlmIsBlxI_WLSjYgIw",1
"November 4th 2023, 04:44:16.637",Missing,"192.168.159.152","157.232.90.226",80,"LSSlmIsBlxI_WLSjYgIw",1
"November 4th 2023, 04:44:16.637",Missing,"192.168.159.152","168.64.97.170",80,"LySlmIsBlxI_WLSjYgIw",1
"November 4th 2023, 04:44:16.637",Missing,"192.168.159.152","188.172.169.83",80,"KCSlmIsBlxI_WLSjYgIw",1
"November 4th 2023, 04:44:16.637",Missing,"192.168.159.152","204.106.169.202",80,"KSSlmIsBlxI_WLSjYgIw",1
"November 4th 2023, 04:44:20.431",Missing,"192.168.159.152","137.105.201.229",80,"cCSlmIsBlxI_WLSjciCz",1
"November 4th 2023, 04:44:20.431",Missing,"192.168.159.152","146.3.29.77",80,"dCSlmIsBlxI_WLSjciCz",1
"November 4th 2023, 04:44:20.431",Missing,"192.168.159.152","147.19.157.53",80,"biSlmIsBlxI_WLSjciCz",1
"November 4th 2023, 04:44:20.431",Missing,"192.168.159.152","157.162.91.89",80,"ciSlmIsBlxI_WLSjciCz",1
"November 4th 2023, 04:44:20.431",Missing,"192.168.159.152","162.213.235.220",80,"cSSlmIsBlxI_WLSjciCz",1
"November 4th 2023, 04:44:20.431",Missing,"192.168.159.152","165.102.37.101",80,"cySlmIsBlxI_WLSjciCz",1
"November 4th 2023, 04:44:20.431",Missing,"192.168.159.152","204.232.60.143",80,"bySlmIsBlxI_WLSjciCz",1
"November 4th 2023, 04:44:33.650",Missing,"192.168.159.152","146.183.161.195",80,"IySlmIsBlxI_WLSjo2v-",1
"November 4th 2023, 04:44:33.650",Missing,"192.168.159.152","157.162.68.124",80,"JCSlmIsBlxI_WLSjo2v-",1
"November 4th 2023, 04:44:33.650",Missing,"192.168.159.152","157.195.146.137",80,"KiSlmIsBlxI_WLSjo2v-",1
"November 4th 2023, 04:44:33.650",Missing,"192.168.159.152","168.64.141.99",80,"JySlmIsBlxI_WLSjo2v-",1
"November 4th 2023, 04:44:33.650",Missing,"192.168.159.152","168.129.135.41",80,"JSSlmIsBlxI_WLSjo2v-",1
"November 4th 2023, 04:44:33.650",Missing,"192.168.159.152","193.139.163.122",80,"KCSlmIsBlxI_WLSjo2v-",1
"November 4th 2023, 04:44:33.650",Missing,"192.168.159.152","199.253.35.240",80,"JiSlmIsBlxI_WLSjo2v-",1
"November 4th 2023, 04:44:33.650",Missing,"192.168.159.152","206.226.17.162",80,"KSSlmIsBlxI_WLSjo2v-",1
"November 4th 2023, 04:44:49.965",Missing,"192.168.159.152","83.175.52.187",80,"TCSlmIsBlxI_WLSj5M0q",1
"November 4th 2023, 04:44:49.965",Missing,"192.168.159.152","124.157.33.95",80,"SSSlmIsBlxI_WLSj5M0q",1
"November 4th 2023, 04:44:49.965",Missing,"192.168.159.152","147.17.84.210",80,"SCSlmIsBlxI_WLSj5M0q",1
"November 4th 2023, 04:44:49.965",Missing,"192.168.159.152","147.19.118.19",80,"SiSlmIsBlxI_WLSj5M0q",1
"November 4th 2023, 04:44:49.965",Missing,"192.168.159.152","147.19.249.168",80,"SySlmIsBlxI_WLSj5M0q",1
"November 4th 2023, 04:44:49.965",Missing,"192.168.159.152","150.25.121.45",80,"TiSlmIsBlxI_WLSj5M0q",1
"November 4th 2023, 04:44:49.965",Missing,"192.168.159.152","161.66.231.240",80,"TySlmIsBlxI_WLSj5M0q",1
"November 4th 2023, 04:44:49.965",Missing,"192.168.159.152","202.68.13.234",80,"TSSlmIsBlxI_WLSj5M0q",1
"November 4th 2023, 04:45:28.555",Missing,"192.168.159.152","23.226.59.191",80,"xyammIsBlxI_WLSjeTAU",1
"November 4th 2023, 04:45:28.555",Missing,"192.168.159.152","125.169.245.45",80,"yCammIsBlxI_WLSjeTAU",1
"November 4th 2023, 04:45:28.555",Missing,"192.168.159.152","136.230.102.34",80,"zCammIsBlxI_WLSjeTAU",1
"November 4th 2023, 04:45:28.555",Missing,"192.168.159.152","146.3.92.67",80,"yyammIsBlxI_WLSjeTAU",1
"November 4th 2023, 04:45:28.555",Missing,"192.168.159.152","157.195.252.251",80,"yiammIsBlxI_WLSjeTAU",1
"November 4th 2023, 04:45:28.555",Missing,"192.168.159.152","157.232.157.210",80,"ySammIsBlxI_WLSjeTAU",1
"November 4th 2023, 04:45:28.555",Missing,"192.168.159.152","161.66.157.92",80,"zSammIsBlxI_WLSjeTAU",1
"November 4th 2023, 04:45:28.555",Missing,"192.168.159.152","165.192.204.15",80,"xiammIsBlxI_WLSjeTAU",1
"November 4th 2023, 04:45:14.323",Missing,"192.168.159.152","42.212.183.97",80,"eCWmmIsBlxI_WLSjQUOv",1
"November 4th 2023, 04:45:14.323",Missing,"192.168.159.152","136.230.212.194",80,"eSWmmIsBlxI_WLSjQUOv",1
"November 4th 2023, 04:45:14.323",Missing,"192.168.159.152","137.105.34.3",80,"dSWmmIsBlxI_WLSjQUOv",1
"November 4th 2023, 04:45:14.323",Missing,"192.168.159.152","157.115.30.76",80,"dyWmmIsBlxI_WLSjQUOv",1
"November 4th 2023, 04:45:14.323",Missing,"192.168.159.152","159.229.43.140",80,"diWmmIsBlxI_WLSjQUOv",1
"November 4th 2023, 04:45:14.323",Missing,"192.168.159.152","198.14.187.140",80,"cyWmmIsBlxI_WLSjQUOv",1
"November 4th 2023, 04:45:14.323",Missing,"192.168.159.152","204.57.18.145",80,"dCWmmIsBlxI_WLSjQUOv",1
"November 4th 2023, 04:45:19.277",Missing,"192.168.159.152","14.4.192.122",80,"vCWmmIsBlxI_WLSjVYwG",1
"November 4th 2023, 04:45:19.277",Missing,"192.168.159.152","58.15.118.175",80,"uCWmmIsBlxI_WLSjVYwG",1
"November 4th 2023, 04:45:19.277",Missing,"192.168.159.152","128.13.192.29",80,"uiWmmIsBlxI_WLSjVYwG",1
"November 4th 2023, 04:45:19.277",Missing,"192.168.159.152","136.230.14.53",80,"tyWmmIsBlxI_WLSjVYwG",1
"November 4th 2023, 04:45:19.277",Missing,"192.168.159.152","146.3.208.240",80,"uyWmmIsBlxI_WLSjVYwG",1
"November 4th 2023, 04:45:19.277",Missing,"192.168.159.152","146.3.228.128",80,"vSWmmIsBlxI_WLSjVYwG",1
"November 4th 2023, 04:45:19.277",Missing,"192.168.159.152","198.45.66.252",80,"uSWmmIsBlxI_WLSjVYwG",1
"November 4th 2023, 04:45:19.808",Missing,"192.168.159.152","43.236.118.130",80,"gSWmmIsBlxI_WLSjV5Vd",1
"November 4th 2023, 04:45:19.808",Missing,"192.168.159.152","144.207.135.249",80,"giWmmIsBlxI_WLSjV5Vd",1
"November 4th 2023, 04:45:19.808",Missing,"192.168.159.152","146.3.68.199",80,"gyWmmIsBlxI_WLSjV5Vd",1
"November 4th 2023, 04:45:19.808",Missing,"192.168.159.152","146.3.99.135",80,"hSWmmIsBlxI_WLSjV5Vd",1
"November 4th 2023, 04:45:19.808",Missing,"192.168.159.152","157.115.37.201",80,"hiWmmIsBlxI_WLSjV5Vd",1
"November 4th 2023, 04:45:19.808",Missing,"192.168.159.152","168.64.127.127",80,"hCWmmIsBlxI_WLSjV5Vd",1
"November 4th 2023, 04:40:34.171",Missing,"192.168.159.152","27.146.148.247",80,"2yKhmIsBlxI_WLSj_NA_",1
"November 4th 2023, 04:40:34.171",Missing,"192.168.159.152","42.209.54.56",80,"2SKhmIsBlxI_WLSj_NA_",1
"November 4th 2023, 04:40:34.171",Missing,"192.168.159.152","42.217.255.97",80,"3CKhmIsBlxI_WLSj_NA_",1
"November 4th 2023, 04:40:34.171",Missing,"192.168.159.152","128.94.224.67",80,"3SKhmIsBlxI_WLSj_NA_",1
"November 4th 2023, 04:40:34.171",Missing,"192.168.159.152","167.175.120.172",80,"2CKhmIsBlxI_WLSj_NA_",1
"November 4th 2023, 04:40:34.171",Missing,"192.168.159.152","175.103.118.85",80,"2iKhmIsBlxI_WLSj_NA_",1
"November 4th 2023, 04:44:54.577",Missing,"192.168.159.152","144.207.242.45",80,"JySlmIsBlxI_WLSj9-N1",1
"November 4th 2023, 04:44:54.577",Missing,"192.168.159.152","157.115.57.1",80,"yySlmIsBlxI_WLSj9uLb",1
"November 4th 2023, 04:44:54.577",Missing,"192.168.159.152","161.71.34.202",80,"yiSlmIsBlxI_WLSj9uLb",1
"November 4th 2023, 04:44:54.577",Missing,"192.168.159.152","199.249.64.145",80,"ySSlmIsBlxI_WLSj9uLb",1
"November 4th 2023, 04:44:54.577",Missing,"192.168.159.152","199.253.229.204",80,"yCSlmIsBlxI_WLSj9uLb",1
"November 4th 2023, 04:44:54.577",Missing,"192.168.159.152","207.178.93.143",80,"xySlmIsBlxI_WLSj9uLb",1
"November 4th 2023, 04:45:25.142",Missing,"192.168.159.152","23.251.255.144",80,"7SWmmIsBlxI_WLSja-yn",1
"November 4th 2023, 04:45:25.142",Missing,"192.168.159.152","124.68.234.43",80,"7CWmmIsBlxI_WLSja-yn",1
"November 4th 2023, 04:45:25.142",Missing,"192.168.159.152","143.64.146.1",80,"6SWmmIsBlxI_WLSja-yn",1
"November 4th 2023, 04:45:25.142",Missing,"192.168.159.152","198.183.39.163",80,"6yWmmIsBlxI_WLSja-yn",1
"November 4th 2023, 04:45:25.142",Missing,"192.168.159.152","198.187.113.157",80,"6iWmmIsBlxI_WLSja-yn",1
"November 4th 2023, 04:45:25.142",Missing,"192.168.159.152","199.58.253.82",80,"7iWmmIsBlxI_WLSja-yn",1
"November 4th 2023, 04:45:25.658",Missing,"192.168.159.152","58.15.157.194",80,"oiWmmIsBlxI_WLSjbfj8",1
"November 4th 2023, 04:45:25.658",Missing,"192.168.159.152","107.182.255.95",80,"piWmmIsBlxI_WLSjbfj8",1
"November 4th 2023, 04:45:25.658",Missing,"192.168.159.152","157.186.26.95",80,"pCWmmIsBlxI_WLSjbfj8",1
"November 4th 2023, 04:45:25.658",Missing,"192.168.159.152","157.230.38.147",80,"pSWmmIsBlxI_WLSjbfj8",1
"November 4th 2023, 04:45:25.658",Missing,"192.168.159.152","163.59.11.220",80,"oSWmmIsBlxI_WLSjbfj8",1
"November 4th 2023, 04:45:25.658",Missing,"192.168.159.152","168.129.25.145",80,"oyWmmIsBlxI_WLSjbfj8",1
"November 4th 2023, 04:45:27.342",Missing,"192.168.159.152","124.157.11.228",80,"bCammIsBlxI_WLSjdBZ2",1
"November 4th 2023, 04:45:27.342",Missing,"192.168.159.152","157.115.157.71",80,"bSammIsBlxI_WLSjdBZ2",1
"November 4th 2023, 04:45:27.342",Missing,"192.168.159.152","165.102.238.222",80,"ayammIsBlxI_WLSjdBZ2",1
"November 4th 2023, 04:45:27.342",Missing,"192.168.159.152","198.187.106.231",80,"biammIsBlxI_WLSjdBZ2",1
"November 4th 2023, 04:45:27.342",Missing,"192.168.159.152","207.110.75.30",80,"byammIsBlxI_WLSjdBZ2",1
"November 4th 2023, 04:45:27.342",Missing,"192.168.159.152","207.234.102.156",80,"aiammIsBlxI_WLSjdBZ2",1
"November 4th 2023, 04:45:28.217",Missing,"192.168.159.152","146.183.235.13",80,"_CammIsBlxI_WLSjdyjR",1
"November 4th 2023, 04:45:28.217",Missing,"192.168.159.152","168.64.105.66",80,"_SammIsBlxI_WLSjdyjR",1
"November 4th 2023, 04:45:28.217",Missing,"192.168.159.152","168.129.186.34",80,"-SammIsBlxI_WLSjdyjR",1
"November 4th 2023, 04:45:28.217",Missing,"192.168.159.152","202.183.5.3",80,"-iammIsBlxI_WLSjdyjR",1
"November 4th 2023, 04:45:28.217",Missing,"192.168.159.152","207.226.207.197",80,"-CammIsBlxI_WLSjdyjR",1
"November 4th 2023, 04:45:28.217",Missing,"192.168.159.152","207.234.101.53",80,"-yammIsBlxI_WLSjdyjR",1
"November 4th 2023, 04:40:35.229",Missing,"192.168.159.152","14.5.30.156",80,"JiKimIsBlxI_WLSjANoI",1
"November 4th 2023, 04:40:35.229",Missing,"192.168.159.152","124.20.122.240",80,"JSKimIsBlxI_WLSjANoI",1
"November 4th 2023, 04:40:35.229",Missing,"192.168.159.152","124.69.129.110",80,"JyKimIsBlxI_WLSjANoI",1
"November 4th 2023, 04:40:35.229",Missing,"192.168.159.152","185.175.142.242",80,"JCKimIsBlxI_WLSjANoI",1
"November 4th 2023, 04:40:35.229",Missing,"192.168.159.152","207.234.101.195",80,"IyKimIsBlxI_WLSjANoI",1
"November 4th 2023, 04:44:45.727",Missing,"192.168.159.152","42.1.145.13",80,"fiSlmIsBlxI_WLSj0rC-",1
"November 4th 2023, 04:44:45.727",Missing,"192.168.159.152","61.13.157.194",80,"gCSlmIsBlxI_WLSj0rC-",1
"November 4th 2023, 04:44:45.727",Missing,"192.168.159.152","137.218.122.198",80,"fySlmIsBlxI_WLSj0rC-",1
"November 4th 2023, 04:44:45.727",Missing,"192.168.159.152","161.1.64.157",80,"fSSlmIsBlxI_WLSj0rC-",1
"November 4th 2023, 04:45:05.576",Missing,"192.168.159.152","45.127.37.230",80,"USWmmIsBlxI_WLSjIwtO",1
"November 4th 2023, 04:45:05.576",Missing,"192.168.159.152","123.249.89.78",80,"UCWmmIsBlxI_WLSjIwtO",1
"November 4th 2023, 04:45:05.576",Missing,"192.168.159.152","137.76.243.146",80,"TyWmmIsBlxI_WLSjIwtO",1
"November 4th 2023, 04:45:05.576",Missing,"192.168.159.152","161.1.210.251",80,"UiWmmIsBlxI_WLSjIwtO",1
"November 4th 2023, 04:45:15.831",Missing,"192.168.159.152","42.213.192.29",80,"8iWmmIsBlxI_WLSjR1mv",1
"November 4th 2023, 04:45:15.831",Missing,"192.168.159.152","146.3.201.107",80,"8yWmmIsBlxI_WLSjR1mv",1
"November 4th 2023, 04:45:15.831",Missing,"192.168.159.152","168.64.115.146",80,"9CWmmIsBlxI_WLSjR1mv",1
"November 4th 2023, 04:45:15.831",Missing,"192.168.159.152","207.110.168.159",80,"9SWmmIsBlxI_WLSjR1mv",1
"November 4th 2023, 04:44:23.156",Missing,"192.168.159.152","124.68.157.156",80,"piSlmIsBlxI_WLSjeizC",1
"November 4th 2023, 04:44:23.156",Missing,"192.168.159.152","146.3.127.68",80,"pySlmIsBlxI_WLSjeizC",1
"November 4th 2023, 04:44:23.156",Missing,"192.168.159.152","157.195.66.135",80,"qCSlmIsBlxI_WLSjeizC",1
"November 4th 2023, 04:44:32.625",Missing,"192.168.159.152","157.195.145.235",80,"aCSlmIsBlxI_WLSjn2AJ",1
"November 4th 2023, 04:44:32.625",Missing,"192.168.159.152","168.129.236.91",80,"aSSlmIsBlxI_WLSjn2AJ",1
"November 4th 2023, 04:44:32.625",Missing,"192.168.159.152","198.57.64.41",80,"aiSlmIsBlxI_WLSjn2AJ",1
"November 4th 2023, 04:44:34.467",Missing,"192.168.159.152","147.18.168.45",80,"9iSlmIsBlxI_WLSjqXHf",1
"November 4th 2023, 04:44:34.467",Missing,"192.168.159.152","157.231.193.91",80,"9ySlmIsBlxI_WLSjqXHf",1
"November 4th 2023, 04:44:34.467",Missing,"192.168.159.152","207.183.198.168",80,"9SSlmIsBlxI_WLSjqXHf",1
"November 4th 2023, 04:45:17.828",Missing,"192.168.159.152","61.13.243.234",80,"XSWmmIsBlxI_WLSjT3KO",1
"November 4th 2023, 04:45:17.828",Missing,"192.168.159.152","137.218.57.53",80,"3yWmmIsBlxI_WLSjT3FW",1
"November 4th 2023, 04:45:17.828",Missing,"192.168.159.152","146.183.41.188",80,"3iWmmIsBlxI_WLSjT3FW",1
"November 4th 2023, 04:45:21.323",Missing,"192.168.159.152","146.3.89.182",80,"YiWmmIsBlxI_WLSjXLDh",1
"November 4th 2023, 04:45:21.323",Missing,"192.168.159.152","150.141.187.35",80,"YCWmmIsBlxI_WLSjXLDh",1
"November 4th 2023, 04:45:21.323",Missing,"192.168.159.152","207.178.89.99",80,"YSWmmIsBlxI_WLSjXLDh",1
"November 4th 2023, 04:45:29.620",Missing,"192.168.159.152","42.221.162.26",80,"wCammIsBlxI_WLSjfUc8",1
"November 4th 2023, 04:45:29.620",Missing,"192.168.159.152","124.242.125.204",80,"viammIsBlxI_WLSjfUc8",1
"November 4th 2023, 04:45:29.620",Missing,"192.168.159.152","157.232.253.207",80,"vyammIsBlxI_WLSjfUc8",1
"November 4th 2023, 04:45:30.381",Missing,"192.168.159.152","124.157.26.234",80,"xCammIsBlxI_WLSjgFih",1
"November 4th 2023, 04:45:30.381",Missing,"192.168.159.152","137.19.175.242",80,"xSammIsBlxI_WLSjgFih",1
"November 4th 2023, 04:45:30.381",Missing,"192.168.159.152","137.105.146.121",80,"wyammIsBlxI_WLSjgFih",1
"November 4th 2023, 04:44:09.953",Missing,"192.168.159.152","101.249.190.3",80,"PSOlmIsBlxI_WLSjRdXN",1
"November 4th 2023, 04:44:09.953",Missing,"192.168.159.152","146.3.252.207",80,"PyOlmIsBlxI_WLSjRtVY",1
"November 4th 2023, 04:44:23.147",Missing,"192.168.159.152","157.162.168.75",80,"qSSlmIsBlxI_WLSjeizI",1
"November 4th 2023, 04:44:23.147",Missing,"192.168.159.152","207.110.184.191",80,"qiSlmIsBlxI_WLSjeizI",1
"November 4th 2023, 04:44:31.579",Missing,"192.168.159.152","83.175.12.183",80,"liSlmIsBlxI_WLSjnFls",1
"November 4th 2023, 04:44:31.579",Missing,"192.168.159.152","157.195.75.253",80,"lSSlmIsBlxI_WLSjnFls",1
"November 4th 2023, 04:44:32.626",Missing,"192.168.159.152","146.183.238.204",80,"aySlmIsBlxI_WLSjn2AJ",1
"November 4th 2023, 04:44:32.626",Missing,"192.168.159.152","147.17.99.53",80,"bCSlmIsBlxI_WLSjn2AJ",1
"November 4th 2023, 04:45:17.880",Missing,"192.168.159.152","42.213.118.178",80,"XyWmmIsBlxI_WLSjT3KO",1
"November 4th 2023, 04:45:17.880",Missing,"192.168.159.152","101.248.122.225",80,"XiWmmIsBlxI_WLSjT3KO",1
"November 4th 2023, 04:44:09.716",Missing,"192.168.159.152","161.71.29.89",80,"OyOlmIsBlxI_WLSjRdUC",1
"November 4th 2023, 04:44:09.910",Missing,"192.168.159.152","157.162.253.195",80,"PCOlmIsBlxI_WLSjRdXN",1
"November 4th 2023, 04:44:09.967",Missing,"192.168.159.152","192.46.198.161",80,"PiOlmIsBlxI_WLSjRtUw",1
"November 4th 2023, 04:44:10.090",Missing,"192.168.159.152","146.3.163.29",80,"tiOlmIsBlxI_WLSjR9bb",1
"November 4th 2023, 04:44:13.854",Missing,"192.168.159.152","146.3.187.51",80,"riOlmIsBlxI_WLSjVuwY",1
"November 4th 2023, 04:44:13.855",Missing,"192.168.159.152","137.33.57.178",80,"ryOlmIsBlxI_WLSjVuwY",1
"November 4th 2023, 04:44:13.856",Missing,"192.168.159.152","144.207.115.195",80,"LCOlmIsBlxI_WLSjVu2f",1
"November 4th 2023, 04:44:14.048",Missing,"192.168.159.152","146.3.216.201",80,"oyOlmIsBlxI_WLSjV-6d",1
"November 4th 2023, 04:44:14.072",Missing,"192.168.159.152","198.187.107.187",80,"oSOlmIsBlxI_WLSjV-6P",1
"November 4th 2023, 04:44:14.073",Missing,"192.168.159.152","141.178.122.45",80,"oiOlmIsBlxI_WLSjV-6P",1
"November 4th 2023, 04:44:29.573",Missing,"192.168.159.152","137.105.84.14",80,"0iSlmIsBlxI_WLSjlU8v",1
"November 4th 2023, 04:44:31.425",Missing,"192.168.159.152","157.231.26.253",80,"oiSlmIsBlxI_WLSjm1c-",1
"November 4th 2023, 04:44:41.103",Missing,"192.168.159.152","137.33.57.66",80,"zySlmIsBlxI_WLSjwI6v",1
"November 4th 2023, 04:44:41.230",Missing,"192.168.159.152","124.242.51.76",80,"RiSlmIsBlxI_WLSjwZB_",1
"November 4th 2023, 04:44:41.285",Missing,"192.168.159.152","207.234.3.39",80,"wySlmIsBlxI_WLSjwZDR",1
"November 4th 2023, 04:44:41.711",Missing,"192.168.159.152","42.194.128.245",80,"NCSlmIsBlxI_WLSjw5On",1
"November 4th 2023, 04:44:45.993",Missing,"192.168.159.152","137.105.195.136",80,"eiSlmIsBlxI_WLSj07H_",1
"November 4th 2023, 04:44:48.724",Missing,"192.168.159.152","61.11.252.58",80,"AiSlmIsBlxI_WLSj38VP",1
"November 4th 2023, 04:44:53.305",Missing,"192.168.159.152","61.13.182.221",80,"ciSlmIsBlxI_WLSj8dx_",1
"November 4th 2023, 04:44:54.575",Missing,"192.168.159.152","157.162.106.42",80,"xSSlmIsBlxI_WLSj9uLb",1
"November 4th 2023, 04:44:54.576",Missing,"192.168.159.152","157.230.225.249",80,"xiSlmIsBlxI_WLSj9uLb",1
"November 4th 2023, 04:44:55.648",Missing,"192.168.159.152","147.18.102.173",80,"MCSlmIsBlxI_WLSj--e2",1
"November 4th 2023, 04:45:00.787",Missing,"192.168.159.152","157.195.3.251",80,"0CSmmIsBlxI_WLSjD_Y5",1
"November 4th 2023, 04:45:01.637",Missing,"192.168.159.152","14.5.139.25",80,"viSmmIsBlxI_WLSjEflL",1
"November 4th 2023, 04:45:02.256",Missing,"192.168.159.152","147.19.33.185",80,"HSSmmIsBlxI_WLSjFf8B",1
"November 4th 2023, 04:45:18.087",Missing,"192.168.159.152","207.234.84.162",80,"RyWmmIsBlxI_WLSjUHYp",1
"November 4th 2023, 04:45:26.462",Missing,"192.168.159.152","146.183.210.59",80,"NCammIsBlxI_WLSjcgtn",1
"November 4th 2023, 04:45:28.720",Missing,"192.168.159.152","163.59.105.221",80,"ryammIsBlxI_WLSjejUA",1
